id,itemName,itemBrand,quantity
1,"Wine - Red, Harrow Estates, Cab",Blogspan,36
2,Kellogs All Bran Bars,Yambee,20
3,Pork Ham Prager,Blogspan,44
4,Parsnip,Jaxbean,3
5,"Pasta - Canelloni, Single Serve",Babblestorm,24
6,Soup - Base Broth Beef,Meejo,4
7,Nutmeg - Ground,Bluejam,11
8,Tart - Butter Plain Squares,Jaxbean,1
9,Soup - Boston Clam Chowder,Realfire,26
10,"Pasta - Lasagna Noodle, Frozen",Realblab,33
11,"Veal - Inside Round / Top, Lean",Cogidoo,45
12,Garam Marsala,Youfeed,27
13,Sage - Ground,Shufflebeat,6
14,Wine - Riesling Alsace Ac 2001,Riffpath,13
15,Bouillion - Fish,Livetube,25
16,Olive - Spread Tapenade,Skyble,9
17,Spaghetti Squash,Tagcat,36
18,Wine - Fino Tio Pepe Gonzalez,Yabox,7
19,Muffin - Mix - Mango Sour Cherry,Jabbertype,35
20,"Wine - White, Riesling, Semi - Dry",Topdrive,14
21,"Water - Spring Water, 355 Ml",Linklinks,11
22,Asparagus - Mexican,Skipfire,48
23,"Yeast - Fresh, Fleischman",Kwimbee,9
24,Beef - Eye Of Round,Wordware,36
25,"Pepper - Julienne, Frozen",Youspan,49
26,Cream Of Tartar,Jaxworks,30
27,Emulsifier,Eire,37
28,Dish Towel,Jabberstorm,36
29,Pie Filling - Cherry,Dazzlesphere,3
30,"Wine - Red, Marechal Foch",Oyoloo,22
31,"Wine - Red, Pelee Island Merlot",Dynazzy,34
32,Beef - Shank,Dablist,5
33,"Tart Shells - Sweet, 2",Tazz,25
34,Cheese - Brick With Onion,Oyondu,11
35,Chives - Fresh,Brainverse,25
36,Island Oasis - Ice Cream Mix,Youopia,6
37,Juice - Orange,Vimbo,21
38,Mangoes,Realcube,15
39,Cheese - St. Andre,Trupe,38
40,Calypso - Strawberry Lemonade,Edgeblab,36
41,Wine - Jackson Triggs Okonagan,Linkbridge,15
42,"Lobster - Tail, 3 - 4 Oz",Zoombeat,38
43,Cookies - Fortune,Yambee,14
44,Bread - Pita,Tagfeed,21
45,Garbage Bags - Clear,Avamm,7
46,Goat - Leg,Twiyo,50
47,Food Colouring - Red,Voonder,35
48,Wine - Domaine Boyar Royal,Quinu,2
49,"Ham - Smoked, Bone - In",Snaptags,14
50,Veal - Loin,Yakitri,27
51,Scallop - St. Jaques,JumpXS,15
52,Beer - Camerons Auburn,Skibox,11
53,Wine - Trimbach Pinot Blanc,Livetube,33
54,Soup - Campbells Beef Strogonoff,Blogtags,21
55,Sauce - Oyster,Wordpedia,11
56,Apple - Custard,Skippad,47
57,Crackers Cheez It,Twitterbridge,30
58,Cranberries - Frozen,Cogibox,14
59,Bar Mix - Lemon,Dynabox,26
60,Wine - Two Oceans Sauvignon,Jatri,0
61,"Beef - Bones, Cut - Up",Quatz,42
62,Muffin Batt - Blueberry Passion,BlogXS,8
63,"Wine - Saint - Bris 2002, Sauv",Tagpad,13
64,Lettuce - Radicchio,Tanoodle,10
65,Dried Cranberries,Tavu,16
66,Kaffir Lime Leaves,Ainyx,1
67,Wine - Alicanca Vinho Verde,Chatterpoint,6
68,Mousse - Banana Chocolate,Flashdog,17
69,"Veal - Insides, Grains",Bubblemix,5
70,Cookies - Fortune,Aivee,40
71,Tray - 16in Rnd Blk,Gabcube,0
72,Salmon Steak - Cohoe 6 Oz,Youfeed,38
73,Wine - Prosecco Valdobiaddene,Zoomcast,36
74,"Pork - Loin, Boneless",Jaxworks,45
75,Pepper - Orange,Voonyx,17
76,"Beef - Rib Roast, Capless",Brightbean,0
77,Onions - Red,Yata,18
78,Kirsch - Schloss,Riffpath,3
79,Oil - Coconut,Gigashots,24
80,Creme De Cacao Mcguines,Skipfire,38
81,Samosa - Veg,Skyvu,17
82,"Crab - Claws, 26 - 30",Photofeed,47
83,Tuna - Loin,Meezzy,37
84,Green Scrubbie Pad H.duty,Thoughtblab,9
85,Sping Loaded Cup Dispenser,Skinix,11
86,Versatainer Nc - 888,Meeveo,16
87,Wine - Rhine Riesling Wolf Blass,Digitube,41
88,Broom - Corn,Ainyx,45
89,"Rum - Spiced, Captain Morgan",Vimbo,30
90,Island Oasis - Banana Daiquiri,Minyx,5
91,Wood Chips - Regular,Thoughtbeat,21
92,Beer - Original Organic Lager,Katz,31
93,Chips Potato Reg 43g,Skyvu,12
94,"Sole - Dover, Whole, Fresh",Jaxbean,6
95,Food Colouring - Red,Oyondu,17
96,"Vinegar - Balsamic, White",Linktype,34
97,"Placemat - Scallop, White",Skyvu,4
98,Ostrich - Prime Cut,Skyba,3
99,Lettuce Romaine Chopped,BlogXS,1
100,"Shrimp - 16/20, Iqf, Shell On",Realpoint,47
101,"Beer - Alexander Kieths, Pale Ale",Vitz,34
102,"Pork - Butt, Boneless",Dabshots,42
103,"Salmon - Whole, 4 - 6 Pounds",Quinu,6
104,Energy Drink - Redbull 355ml,JumpXS,43
105,Cumin - Whole,Bluejam,23
106,Broom Handle,Divanoodle,13
107,"Rum - Spiced, Captain Morgan",Divavu,49
108,Beef - Tender Tips,Eidel,13
109,Crab Brie In Phyllo,Aibox,44
110,Cornflakes,Twitternation,45
111,Grouper - Fresh,Blogpad,22
112,"Tortillas - Flour, 12",Thoughtstorm,16
113,"Seedlings - Buckwheat, Organic",Cogidoo,50
114,"Salmon - Atlantic, Skin On",Bluejam,22
115,Icecream - Dstk Strw Chseck,Tagchat,15
116,Limes,Zoovu,8
117,Soup - Campbells Mac N Cheese,Linkbuzz,22
118,Soup - Chicken And Wild Rice,Twiyo,45
119,Nantucket - Orange Mango Cktl,Blogtag,14
120,Cheese - Brie,Voolia,20
121,Lentils - Green Le Puy,Twitterworks,21
122,Wine - Magnotta - Cab Sauv,Skippad,26
123,Table Cloth 81x81 White,Babbleset,23
124,"Pepper - Paprika, Hungarian",Thoughtbridge,31
125,Raisin - Dark,Livetube,10
126,Hot Chocolate - Individual,Skipstorm,34
127,Table Cloth 81x81 Colour,Yacero,27
128,Lamb - Sausage Casings,Yakidoo,24
129,"Capon - Breast, Wing On",Jabberbean,26
130,Silicone Parch. 16.3x24.3,InnoZ,45
131,Pepper - Cubanelle,Meevee,26
132,Sambuca - Ramazzotti,Voomm,14
133,Lamb Rack - Ontario,Buzzster,36
134,"Oranges - Navel, 72",Kare,2
135,"Bread - Pita, Mini",Tavu,48
136,"Wine - Red, Concha Y Toro",Skalith,18
137,"Pepper - Paprika, Hungarian",Jabbersphere,14
138,"Fish - Base, Bouillion",Ozu,16
139,"Lamb - Whole, Frozen",Kazio,50
140,"Wine - Red, Black Opal Shiraz",Quatz,32
141,Sole - Iqf,Shufflester,21
142,Petit Baguette,Photobug,8
143,Dc - Sakura Fu,Centizu,18
144,Wine - Vineland Estate Semi - Dry,Livefish,43
145,"Plate - Foam, Bread And Butter",Meembee,26
146,Corn Kernels - Frozen,Voonyx,35
147,Grenadillo,Tagpad,8
148,Wine - Crozes Hermitage E.,Twimm,5
149,Tarts Assorted,Yodo,4
150,Rabbit - Legs,Browsebug,34
